{"cameraMode":{"drawMode":0,"name":"Shaded","section":"Shading Mode"},"sceneLighting":true,"audioPlay":false,"sceneViewState":{"m_AlwaysRefresh":false,"showFog":true,"showSkybox":true,"showFlares":true,"showImageEffects":true,"showParticleSystems":true,"showVisualEffectGraphs":true,"m_FxEnabled":true},"in2DMode":false,"pivot":{"x":0.3741048574447632,"y":0.7999889850616455,"z":4.8869099617004398},"rotation":{"x":-0.02524043433368206,"y":0.974643886089325,"z":-0.14910925924777986,"w":-0.16499613225460053},"size":0.9055385589599609,"orthographic":false}