{"cameraMode":{"drawMode":0,"name":"Shaded","section":"Shading Mode"},"sceneLighting":true,"audioPlay":false,"sceneViewState":{"m_AlwaysRefresh":false,"showFog":true,"showSkybox":true,"showFlares":true,"showImageEffects":true,"showParticleSystems":true,"showVisualEffectGraphs":true,"m_FxEnabled":true},"in2DMode":false,"pivot":{"x":0.2101452350616455,"y":0.3954089283943176,"z":5.159440517425537},"rotation":{"x":-0.06639860570430756,"y":0.933230459690094,"z":-0.26311981678009035,"w":-0.23551037907600404},"size":0.9055385589599609,"orthographic":false}