{"cameraMode":{"drawMode":0,"name":"Shaded","section":"Shading Mode"},"sceneLighting":true,"audioPlay":false,"sceneViewState":{"m_AlwaysRefresh":false,"showFog":true,"showSkybox":true,"showFlares":true,"showImageEffects":true,"showParticleSystems":true,"showVisualEffectGraphs":true,"m_FxEnabled":true},"in2DMode":false,"pivot":{"x":-5.538910865783691,"y":3.281851291656494,"z":7.9256744384765629},"rotation":{"x":-0.17371582984924317,"y":-0.8118708729743958,"z":0.30032703280448916,"w":-0.46959421038627627},"size":0.03247002139687538,"orthographic":false}