{"cameraMode":{"drawMode":0,"name":"Shaded","section":"Shading Mode"},"sceneLighting":true,"audioPlay":false,"sceneViewState":{"m_AlwaysRefresh":false,"showFog":true,"showSkybox":true,"showFlares":true,"showImageEffects":true,"showParticleSystems":true,"showVisualEffectGraphs":true,"m_FxEnabled":true},"in2DMode":false,"pivot":{"x":0.8162078261375427,"y":6.107946872711182,"z":-1.7330727577209473},"rotation":{"x":-0.3875280022621155,"y":0.06574109941720963,"z":-0.02769751101732254,"w":-0.9191192388534546},"size":0.3352242708206177,"orthographic":false}