{"cameraMode":{"drawMode":0,"name":"Shaded","section":"Shading Mode"},"sceneLighting":true,"audioPlay":false,"sceneViewState":{"m_AlwaysRefresh":false,"showFog":true,"showSkybox":true,"showFlares":true,"showImageEffects":true,"showParticleSystems":true,"showVisualEffectGraphs":true,"m_FxEnabled":true},"in2DMode":false,"pivot":{"x":15.759194374084473,"y":0.9989667534828186,"z":9.90723705291748},"rotation":{"x":0.021126456558704377,"y":-0.12326053529977799,"z":-0.0026247547939419748,"w":-0.9921470284461975},"size":1.1284693479537964,"orthographic":false}