{"cameraMode":{"drawMode":0,"name":"Shaded","section":"Shading Mode"},"sceneLighting":true,"audioPlay":false,"sceneViewState":{"m_AlwaysRefresh":false,"showFog":true,"showSkybox":true,"showFlares":true,"showImageEffects":true,"showParticleSystems":true,"showVisualEffectGraphs":true,"m_FxEnabled":true},"in2DMode":false,"pivot":{"x":-1.6209120750427247,"y":0.7205660343170166,"z":2.9513978958129885},"rotation":{"x":-0.21755436062812806,"y":-0.006738186813890934,"z":0.001495273201726377,"w":-0.9760395884513855},"size":1.3485499620437623,"orthographic":false}