{"cameraMode":{"drawMode":0,"name":"Shaded","section":"Shading Mode"},"sceneLighting":true,"audioPlay":false,"sceneViewState":{"m_AlwaysRefresh":false,"showFog":true,"showSkybox":true,"showFlares":true,"showImageEffects":true,"showParticleSystems":true,"showVisualEffectGraphs":true,"m_FxEnabled":true},"in2DMode":false,"pivot":{"x":-0.5131335258483887,"y":8.805850982666016,"z":9.967595100402832},"rotation":{"x":-0.001409379648976028,"y":0.9419748783111572,"z":-0.3356607258319855,"w":-0.003955034073442221},"size":0.8660253882408142,"orthographic":false}