{"cameraMode":{"drawMode":0,"name":"Shaded","section":"Shading Mode"},"sceneLighting":false,"audioPlay":false,"sceneViewState":{"m_AlwaysRefresh":false,"showFog":true,"showSkybox":false,"showFlares":true,"showImageEffects":true,"showParticleSystems":true,"showVisualEffectGraphs":true,"m_FxEnabled":true},"in2DMode":false,"pivot":{"x":-0.01142778992652893,"y":0.1692027449607849,"z":0.017451606690883638},"rotation":{"x":-0.17780277132987977,"y":0.36006590723991396,"z":-0.07011064887046814,"w":-0.9131388664245606},"size":0.40301212668418887,"orthographic":false}