{"cameraMode":{"drawMode":0,"name":"Shaded","section":"Shading Mode"},"sceneLighting":false,"audioPlay":false,"sceneViewState":{"m_AlwaysRefresh":false,"showFog":true,"showSkybox":false,"showFlares":true,"showImageEffects":true,"showParticleSystems":true,"showVisualEffectGraphs":true,"m_FxEnabled":true},"in2DMode":false,"pivot":{"x":0.014438927173614502,"y":-0.053638555109500888,"z":-0.10012224316596985},"rotation":{"x":-0.4206441640853882,"y":0.36695748567581179,"z":-0.19118648767471314,"w":-0.8073714375495911},"size":0.8177158236503601,"orthographic":false}