{"cameraMode":{"drawMode":0,"name":"Shaded","section":"Shading Mode"},"sceneLighting":true,"audioPlay":false,"sceneViewState":{"m_AlwaysRefresh":false,"showFog":true,"showSkybox":true,"showFlares":true,"showImageEffects":true,"showParticleSystems":true,"showVisualEffectGraphs":true,"m_FxEnabled":true},"in2DMode":false,"pivot":{"x":17.694839477539064,"y":-0.405120849609375,"z":10.412124633789063},"rotation":{"x":0.2328936606645584,"y":0.09986218065023422,"z":-0.024049561470746995,"w":0.9670678973197937},"size":1.9986658096313477,"orthographic":false}