{"cameraMode":{"drawMode":0,"name":"Shaded","section":"Shading Mode"},"sceneLighting":true,"audioPlay":false,"sceneViewState":{"m_AlwaysRefresh":false,"showFog":true,"showSkybox":true,"showFlares":true,"showImageEffects":true,"showParticleSystems":true,"showVisualEffectGraphs":true,"m_FxEnabled":true},"in2DMode":false,"pivot":{"x":29.614845275878908,"y":-0.405120849609375,"z":20.787124633789064},"rotation":{"x":0.06938457489013672,"y":0.9306188225746155,"z":-0.25486287474632265,"w":0.2533543109893799},"size":31.607738494873048,"orthographic":false}