{"cameraMode":{"drawMode":0,"name":"Shaded","section":"Shading Mode"},"sceneLighting":false,"audioPlay":false,"sceneViewState":{"m_AlwaysRefresh":false,"showFog":true,"showSkybox":true,"showFlares":true,"showImageEffects":true,"showParticleSystems":true,"showVisualEffectGraphs":true,"m_FxEnabled":true},"in2DMode":false,"pivot":{"x":15.852581977844239,"y":-32.45915222167969,"z":-19.558712005615236},"rotation":{"x":0.16645346581935883,"y":0.8128814101219177,"z":-0.28035083413124087,"w":0.48263847827911379},"size":35.66482162475586,"orthographic":false}