{"cameraMode":{"drawMode":0,"name":"Shaded","section":"Shading Mode"},"sceneLighting":true,"audioPlay":false,"sceneViewState":{"m_AlwaysRefresh":false,"showFog":true,"showSkybox":true,"showFlares":true,"showImageEffects":true,"showParticleSystems":true,"showVisualEffectGraphs":true,"m_FxEnabled":true},"in2DMode":false,"pivot":{"x":18.319801330566408,"y":-6.987663745880127,"z":41.69950866699219},"rotation":{"x":-0.2481796145439148,"y":-0.00813960749655962,"z":0.0020853709429502489,"w":-0.9686779379844666},"size":27.25603485107422,"orthographic":false}