{"cameraMode":{"drawMode":0,"name":"Shaded","section":"Shading Mode"},"sceneLighting":true,"audioPlay":false,"sceneViewState":{"m_AlwaysRefresh":false,"showFog":true,"showSkybox":true,"showFlares":true,"showImageEffects":true,"showParticleSystems":true,"showVisualEffectGraphs":true,"m_FxEnabled":true},"in2DMode":false,"pivot":{"x":-4.777462959289551,"y":0.5894260406494141,"z":-0.5733106136322022},"rotation":{"x":-0.17780277132987977,"y":0.36006590723991396,"z":-0.07011064887046814,"w":-0.9131388664245606},"size":1.3296537399291993,"orthographic":false}