{"cameraMode":{"drawMode":0,"name":"Shaded","section":"Shading Mode"},"sceneLighting":false,"audioPlay":false,"sceneViewState":{"m_AlwaysRefresh":false,"showFog":true,"showSkybox":false,"showFlares":true,"showImageEffects":true,"showParticleSystems":true,"showVisualEffectGraphs":true,"m_FxEnabled":true},"in2DMode":false,"pivot":{"x":-0.045178890228271487,"y":0.09029984474182129,"z":-0.15244054794311524},"rotation":{"x":-0.17780277132987977,"y":0.36006590723991396,"z":-0.07011064887046814,"w":-0.9131388664245606},"size":3.0230488777160646,"orthographic":false}